<?xml version="1.0" encoding="utf-8"?>
<!--Created using XmlSitemapGenerator.org - Free HTML, RSS and XML sitemap generator-->
<rss version="2.0">
  <channel>
    <title>Literary Society-GEC Banka</title>
    <link>https://literarysocietygecbanka.surge.sh</link>
    <description />
    <item>
      <guid>https://literarysocietygecbanka.surge.sh</guid>
      <title>Literary Society-GEC Banka</title>
      <link>https://literarysocietygecbanka.surge.sh</link>
      <description>This is the website of Literary Society GEC Banka eveloped by Student member of Literary SocietyGEC Banka</description>
    </item>
    <item>
      <guid>https://literarysocietygecbanka.surge.sh/workshop/index.html</guid>
      <title>Literary Society-GEC Banka</title>
      <link>https://literarysocietygecbanka.surge.sh/workshop/index.html</link>
      <description>This is the website of Literary Society GEC Banka eveloped by Student member of Literary SocietyGEC Banka</description>
    </item>
    <item>
      <guid>https://literarysocietygecbanka.surge.sh/webinar/index.html</guid>
      <title>Literary Society-GEC Banka</title>
      <link>https://literarysocietygecbanka.surge.sh/webinar/index.html</link>
      <description>This is the website of Literary Society GEC Banka eveloped by Student member of Literary SocietyGEC Banka</description>
    </item>
    <item>
      <guid>https://literarysocietygecbanka.surge.sh/gallery.html</guid>
      <title>Literary Society-GEC Banka</title>
      <link>https://literarysocietygecbanka.surge.sh/gallery.html</link>
      <description>This is the website of Literary Society GEC Banka eveloped by Student member of Literary SocietyGEC Banka</description>
    </item>
    <item>
      <guid>https://literarysocietygecbanka.surge.sh/</guid>
      <title>Literary Society-GEC Banka</title>
      <link>https://literarysocietygecbanka.surge.sh/</link>
      <description>This is the website of Literary Society GEC Banka eveloped by Student member of Literary SocietyGEC Banka</description>
    </item>
    <item>
      <guid>https://literarysocietygecbanka.surge.sh/quiz/index.html</guid>
      <title>Literary Society-GEC Banka</title>
      <link>https://literarysocietygecbanka.surge.sh/quiz/index.html</link>
      <description>This is the website of Literary Society GEC Banka eveloped by Student member of Literary SocietyGEC Banka</description>
    </item>
    <item>
      <guid>https://literarysocietygecbanka.surge.sh/index.html</guid>
      <title>Literary Society-GEC Banka</title>
      <link>https://literarysocietygecbanka.surge.sh/index.html</link>
      <description>This is the website of Literary Society GEC Banka eveloped by Student member of Literary SocietyGEC Banka</description>
    </item>
    <item>
      <guid>https://literarysocietygecbanka.surge.sh/quiz/quiz1.html</guid>
      <title>Literary Society-GEC Banka</title>
      <link>https://literarysocietygecbanka.surge.sh/quiz/quiz1.html</link>
      <description>This is the website of Literary Society GEC Banka eveloped by Student member of Literary SocietyGEC Banka</description>
    </item>
    <item>
      <guid>https://literarysocietygecbanka.surge.sh/quiz/quiz2.html</guid>
      <title>Literary Society-GEC Banka</title>
      <link>https://literarysocietygecbanka.surge.sh/quiz/quiz2.html</link>
      <description>This is the website of Literary Society GEC Banka eveloped by Student member of Literary SocietyGEC Banka</description>
    </item>
  </channel>
</rss>
<!--<guid value="721177ff-7b57-4d66-b318-6297a5033b57" />-->
<!--Created using XmlSitemapGenerator.org - Free HTML, RSS and XML sitemap generator-->