<?xml version="1.0" encoding="utf-8"?>
<!--Created using XmlSitemapGenerator.org - Free HTML, RSS and XML sitemap generator-->
<rss version="2.0">
  <channel>
    <title>Literary Society-GEC Banka</title>
    <link>https://literarysocietygecbanka.web.app/workshop/index.html</link>
    <description />
    <item>
      <guid>https://literarysocietygecbanka.web.app/workshop/index.html</guid>
      <title>Literary Society-GEC Banka</title>
      <link>https://literarysocietygecbanka.web.app/workshop/index.html</link>
      <description>This is the website of Literary Society GEC Banka eveloped by Student member of Literary SocietyGEC Banka</description>
      <pubDate>Sat, 29 Aug 2020 06:33:00 Z</pubDate>
    </item>
    <item>
      <guid>https://literarysocietygecbanka.web.app/index.html</guid>
      <title>Literary Society-GEC Banka</title>
      <link>https://literarysocietygecbanka.web.app/index.html</link>
      <description>This is the website of Literary Society GEC Banka eveloped by Student member of Literary SocietyGEC Banka</description>
      <pubDate>Sat, 29 Aug 2020 06:33:00 Z</pubDate>
    </item>
    <item>
      <guid>https://literarysocietygecbanka.web.app/gallery.html</guid>
      <title>Literary Society-GEC Banka</title>
      <link>https://literarysocietygecbanka.web.app/gallery.html</link>
      <description>This is the website of Literary Society GEC Banka eveloped by Student member of Literary SocietyGEC Banka</description>
      <pubDate>Sat, 29 Aug 2020 06:33:00 Z</pubDate>
    </item>
    <item>
      <guid>https://literarysocietygecbanka.web.app/webinar/index.html</guid>
      <title>Literary Society-GEC Banka</title>
      <link>https://literarysocietygecbanka.web.app/webinar/index.html</link>
      <description>This is the website of Literary Society GEC Banka eveloped by Student member of Literary SocietyGEC Banka</description>
      <pubDate>Sat, 29 Aug 2020 06:33:00 Z</pubDate>
    </item>
    <item>
      <guid>https://literarysocietygecbanka.web.app/quiz/index.html</guid>
      <title>Literary Society-GEC Banka</title>
      <link>https://literarysocietygecbanka.web.app/quiz/index.html</link>
      <description>This is the website of Literary Society GEC Banka eveloped by Student member of Literary SocietyGEC Banka</description>
      <pubDate>Sat, 29 Aug 2020 06:33:00 Z</pubDate>
    </item>
    <item>
      <guid>https://literarysocietygecbanka.web.app/quiz/quiz2.html</guid>
      <title>Literary Society-GEC Banka</title>
      <link>https://literarysocietygecbanka.web.app/quiz/quiz2.html</link>
      <description>This is the website of Literary Society GEC Banka eveloped by Student member of Literary SocietyGEC Banka</description>
      <pubDate>Sat, 29 Aug 2020 12:00:00 Z</pubDate>
    </item>
    <item>
      <guid>https://literarysocietygecbanka.web.app/quiz/quiz1.html</guid>
      <title>Literary Society-GEC Banka</title>
      <link>https://literarysocietygecbanka.web.app/quiz/quiz1.html</link>
      <description>This is the website of Literary Society GEC Banka eveloped by Student member of Literary SocietyGEC Banka</description>
      <pubDate>Sat, 29 Aug 2020 12:00:00 Z</pubDate>
    </item>
    <item>
      <guid>https://literarysocietygecbanka.web.app/</guid>
      <title>Literary Society-GEC Banka</title>
      <link>https://literarysocietygecbanka.web.app/</link>
      <description>This is the website of Literary Society GEC Banka eveloped by Student member of Literary SocietyGEC Banka</description>
      <pubDate>Sat, 29 Aug 2020 06:33:00 Z</pubDate>
    </item>
  </channel>
</rss>
<!--<guid value="" />-->
<!--Created using XmlSitemapGenerator.org - Free HTML, RSS and XML sitemap generator-->