<?xml version="1.0" encoding="utf-8"?>
<!--Created using XmlSitemapGenerator.org - Free HTML, RSS and XML sitemap generator-->
<rss version="2.0">
  <channel>
    <title>Literary Society-GEC Banka</title>
    <link>https://literarysocietygecbanka.firebaseapp.com</link>
    <description />
    <item>
      <guid>https://literarysocietygecbanka.firebaseapp.com</guid>
      <title>Literary Society-GEC Banka</title>
      <link>https://literarysocietygecbanka.firebaseapp.com</link>
      <description>This is the website of Literary Society GEC Banka eveloped by Student member of Literary SocietyGEC Banka</description>
      <pubDate>Sat, 29 Aug 2020 01:44:00 Z</pubDate>
    </item>
    <item>
      <guid>https://literarysocietygecbanka.firebaseapp.com/webinar/index.html</guid>
      <title>Literary Society-GEC Banka</title>
      <link>https://literarysocietygecbanka.firebaseapp.com/webinar/index.html</link>
      <description>This is the website of Literary Society GEC Banka eveloped by Student member of Literary SocietyGEC Banka</description>
      <pubDate>Sat, 29 Aug 2020 01:44:00 Z</pubDate>
    </item>
    <item>
      <guid>https://literarysocietygecbanka.firebaseapp.com/</guid>
      <title>Literary Society-GEC Banka</title>
      <link>https://literarysocietygecbanka.firebaseapp.com/</link>
      <description>This is the website of Literary Society GEC Banka eveloped by Student member of Literary SocietyGEC Banka</description>
      <pubDate>Sat, 29 Aug 2020 01:44:00 Z</pubDate>
    </item>
    <item>
      <guid>https://literarysocietygecbanka.firebaseapp.com/gallery.html</guid>
      <title>Literary Society-GEC Banka</title>
      <link>https://literarysocietygecbanka.firebaseapp.com/gallery.html</link>
      <description>This is the website of Literary Society GEC Banka eveloped by Student member of Literary SocietyGEC Banka</description>
      <pubDate>Sat, 29 Aug 2020 01:44:00 Z</pubDate>
    </item>
    <item>
      <guid>https://literarysocietygecbanka.firebaseapp.com/workshop/index.html</guid>
      <title>Literary Society-GEC Banka</title>
      <link>https://literarysocietygecbanka.firebaseapp.com/workshop/index.html</link>
      <description>This is the website of Literary Society GEC Banka eveloped by Student member of Literary SocietyGEC Banka</description>
      <pubDate>Sat, 29 Aug 2020 01:44:00 Z</pubDate>
    </item>
    <item>
      <guid>https://literarysocietygecbanka.firebaseapp.com/index.html</guid>
      <title>Literary Society-GEC Banka</title>
      <link>https://literarysocietygecbanka.firebaseapp.com/index.html</link>
      <description>This is the website of Literary Society GEC Banka eveloped by Student member of Literary SocietyGEC Banka</description>
      <pubDate>Sat, 29 Aug 2020 01:44:00 Z</pubDate>
    </item>
    <item>
      <guid>https://literarysocietygecbanka.firebaseapp.com/quiz/index.html</guid>
      <title>Literary Society-GEC Banka</title>
      <link>https://literarysocietygecbanka.firebaseapp.com/quiz/index.html</link>
      <description>This is the website of Literary Society GEC Banka eveloped by Student member of Literary SocietyGEC Banka</description>
      <pubDate>Sat, 29 Aug 2020 01:44:00 Z</pubDate>
    </item>
    <item>
      <guid>https://literarysocietygecbanka.firebaseapp.com/quiz/quiz2.html</guid>
      <title>Literary Society-GEC Banka</title>
      <link>https://literarysocietygecbanka.firebaseapp.com/quiz/quiz2.html</link>
      <description>This is the website of Literary Society GEC Banka eveloped by Student member of Literary SocietyGEC Banka</description>
      <pubDate>Sat, 29 Aug 2020 01:44:00 Z</pubDate>
    </item>
    <item>
      <guid>https://literarysocietygecbanka.firebaseapp.com/quiz/quiz1.html</guid>
      <title>Literary Society-GEC Banka</title>
      <link>https://literarysocietygecbanka.firebaseapp.com/quiz/quiz1.html</link>
      <description>This is the website of Literary Society GEC Banka eveloped by Student member of Literary SocietyGEC Banka</description>
      <pubDate>Sat, 29 Aug 2020 01:44:00 Z</pubDate>
    </item>
  </channel>
</rss>
<!--<guid value="4f1a1323-1451-4c24-a315-1497e7fbbf5a" />-->
<!--Created using XmlSitemapGenerator.org - Free HTML, RSS and XML sitemap generator-->